INSERT INTO Osoby (ID_Osoba, Imie, Nazwisko, Drugie_Imie, Data_Urodzenia, Data_Zgonu) OVERRIDING SYSTEM VALUE VALUES ('1', 'Krzysztof', 'Pachołek', NULL, '1979-07-22', '2038-03-22');
INSERT INTO Osoby (ID_Osoba, Imie, Nazwisko, Drugie_Imie, Data_Urodzenia, Data_Zgonu) OVERRIDING SYSTEM VALUE VALUES ('2', 'Julita', 'Browarczyk', 'Jacek', '1982-02-05', '2038-07-26');
INSERT INTO Osoby (ID_Osoba, Imie, Nazwisko, Drugie_Imie, Data_Urodzenia, Data_Zgonu) OVERRIDING SYSTEM VALUE VALUES ('3', 'Antoni', 'Sztaba', 'Rozalia', '1972-01-19', NULL);
INSERT INTO Osoby (ID_Osoba, Imie, Nazwisko, Drugie_Imie, Data_Urodzenia, Data_Zgonu) OVERRIDING SYSTEM VALUE VALUES ('4', 'Damian', 'Folga', 'Maksymilian', '1999-11-01', '2060-08-24');
INSERT INTO Osoby (ID_Osoba, Imie, Nazwisko, Drugie_Imie, Data_Urodzenia, Data_Zgonu) OVERRIDING SYSTEM VALUE VALUES ('5', 'Natan', 'Morawiak', 'Eryk', '2007-02-16', NULL);
INSERT INTO Osoby (ID_Osoba, Imie, Nazwisko, Drugie_Imie, Data_Urodzenia, Data_Zgonu) OVERRIDING SYSTEM VALUE VALUES ('6', 'Krzysztof', 'Koral', NULL, '1958-11-03', '2033-03-01');
INSERT INTO Osoby (ID_Osoba, Imie, Nazwisko, Drugie_Imie, Data_Urodzenia, Data_Zgonu) OVERRIDING SYSTEM VALUE VALUES ('7', 'Rafał', 'Foit', 'Cezary', '2004-05-16', NULL);
INSERT INTO Osoby (ID_Osoba, Imie, Nazwisko, Drugie_Imie, Data_Urodzenia, Data_Zgonu) OVERRIDING SYSTEM VALUE VALUES ('8', 'Alan', 'Makles', 'Piotr', '1944-11-17', '2019-09-30');
INSERT INTO Osoby (ID_Osoba, Imie, Nazwisko, Drugie_Imie, Data_Urodzenia, Data_Zgonu) OVERRIDING SYSTEM VALUE VALUES ('9', 'Inga', 'Jachimczak', 'Bruno', '1984-07-25', '2045-09-12');
INSERT INTO Osoby (ID_Osoba, Imie, Nazwisko, Drugie_Imie, Data_Urodzenia, Data_Zgonu) OVERRIDING SYSTEM VALUE VALUES ('10', 'Dariusz', 'Berdzik', 'Bianka', '1971-01-24', NULL);
INSERT INTO Rodziny (ID_Rodziny, Nazwisko_Rodziny) OVERRIDING SYSTEM VALUE VALUES ('1', 'Szwaj');
INSERT INTO Rodziny (ID_Rodziny, Nazwisko_Rodziny) OVERRIDING SYSTEM VALUE VALUES ('2', 'Szmajda');
INSERT INTO Rodziny (ID_Rodziny, Nazwisko_Rodziny) OVERRIDING SYSTEM VALUE VALUES ('3', 'Gadzała');
INSERT INTO Osoby_Rodziny (ID_Osoba_Rodzina, ID_Osoba, ID_Rodziny) OVERRIDING SYSTEM VALUE VALUES ('1', '1', '2');
INSERT INTO Osoby_Rodziny (ID_Osoba_Rodzina, ID_Osoba, ID_Rodziny) OVERRIDING SYSTEM VALUE VALUES ('2', '2', '3');
INSERT INTO Osoby_Rodziny (ID_Osoba_Rodzina, ID_Osoba, ID_Rodziny) OVERRIDING SYSTEM VALUE VALUES ('3', '3', '2');
INSERT INTO Osoby_Rodziny (ID_Osoba_Rodzina, ID_Osoba, ID_Rodziny) OVERRIDING SYSTEM VALUE VALUES ('4', '4', '2');
INSERT INTO Osoby_Rodziny (ID_Osoba_Rodzina, ID_Osoba, ID_Rodziny) OVERRIDING SYSTEM VALUE VALUES ('5', '5', '2');
INSERT INTO Osoby_Rodziny (ID_Osoba_Rodzina, ID_Osoba, ID_Rodziny) OVERRIDING SYSTEM VALUE VALUES ('6', '6', '1');
INSERT INTO Osoby_Rodziny (ID_Osoba_Rodzina, ID_Osoba, ID_Rodziny) OVERRIDING SYSTEM VALUE VALUES ('7', '7', '2');
INSERT INTO Osoby_Rodziny (ID_Osoba_Rodzina, ID_Osoba, ID_Rodziny) OVERRIDING SYSTEM VALUE VALUES ('8', '8', '2');
INSERT INTO Osoby_Rodziny (ID_Osoba_Rodzina, ID_Osoba, ID_Rodziny) OVERRIDING SYSTEM VALUE VALUES ('9', '9', '3');
INSERT INTO Osoby_Rodziny (ID_Osoba_Rodzina, ID_Osoba, ID_Rodziny) OVERRIDING SYSTEM VALUE VALUES ('10', '10', '2');
INSERT INTO Miejsca (ID_Miejsce, Nazwa_Miejsca, Opis, Lokalizacja) OVERRIDING SYSTEM VALUE VALUES ('1', 'Zabrze', 'Pytanie przyprawa wysiłek godność wódka koniec stać.', '(19.6206, 50.8267)');
INSERT INTO Miejsca (ID_Miejsce, Nazwa_Miejsca, Opis, Lokalizacja) OVERRIDING SYSTEM VALUE VALUES ('2', 'Piekary Śląskie', 'Uważać listopad poeta motyl urząd konflikt planeta.', '(20.5812, 51.4280)');
INSERT INTO Miejsca (ID_Miejsce, Nazwa_Miejsca, Opis, Lokalizacja) OVERRIDING SYSTEM VALUE VALUES ('3', 'Sanok', 'Stowarzyszenie egzamin pragnąć pochodzić siódmy zrozumieć.', '(19.9458, 50.1947)');
INSERT INTO Miejsca (ID_Miejsce, Nazwa_Miejsca, Opis, Lokalizacja) OVERRIDING SYSTEM VALUE VALUES ('4', 'Kościerzyna', 'Okazja Ziemia zysk niedźwiedź zaufanie wspaniały radiowy.', '(21.3078, 50.5383)');
INSERT INTO Miejsca (ID_Miejsce, Nazwa_Miejsca, Opis, Lokalizacja) OVERRIDING SYSTEM VALUE VALUES ('5', 'Polkowice', 'Kura trzymać zjawisko wzbudzać.', '(21.0545, 50.9151)');
INSERT INTO Fotografie (ID_Zdjecie, Opis_Zdjecia, Data_Wykonania, ID_Miejsce) OVERRIDING SYSTEM VALUE VALUES ('1', 'Komórka przemysłowy żołnierz.', '2021-10-07', '5');
INSERT INTO Fotografie (ID_Zdjecie, Opis_Zdjecia, Data_Wykonania, ID_Miejsce) OVERRIDING SYSTEM VALUE VALUES ('2', 'Umowa r. kolacja matematyka ku wejść przejaw.', '2017-11-23', '4');
INSERT INTO Fotografie (ID_Zdjecie, Opis_Zdjecia, Data_Wykonania, ID_Miejsce) OVERRIDING SYSTEM VALUE VALUES ('3', 'Ani ona nazwisko przyczyna powietrze polegać.', '2013-09-01', '5');
INSERT INTO Fotografie (ID_Zdjecie, Opis_Zdjecia, Data_Wykonania, ID_Miejsce) OVERRIDING SYSTEM VALUE VALUES ('4', 'Naukowiec ochrona epoka składać.', '2019-08-03', '4');
INSERT INTO Fotografie (ID_Zdjecie, Opis_Zdjecia, Data_Wykonania, ID_Miejsce) OVERRIDING SYSTEM VALUE VALUES ('5', '30 akt Niemcy.', '2024-03-05', '3');
INSERT INTO Zdarzenia (ID_Zdarzenie, ID_Miejsce, Opis_Zdarzenia, Nazwa_Zdarzenia, Data_Zdarzenia) OVERRIDING SYSTEM VALUE VALUES ('1', '5', 'Fakt palić bogaty czynnik numer.', 'Managed executive data-warehouse', '2005-05-29');
INSERT INTO Zdarzenia (ID_Zdarzenie, ID_Miejsce, Opis_Zdarzenia, Nazwa_Zdarzenia, Data_Zdarzenia) OVERRIDING SYSTEM VALUE VALUES ('2', '1', 'Obiad powietrze usuwać 8 czuć.', 'Seamless demand-driven info-mediaries', '2008-11-14');
INSERT INTO Zdarzenia (ID_Zdarzenie, ID_Miejsce, Opis_Zdarzenia, Nazwa_Zdarzenia, Data_Zdarzenia) OVERRIDING SYSTEM VALUE VALUES ('3', '2', 'Ochrona oddawać kierowca owca bóg.', 'Down-sized client-driven info-mediaries', '2006-08-06');
INSERT INTO Zdarzenia (ID_Zdarzenie, ID_Miejsce, Opis_Zdarzenia, Nazwa_Zdarzenia, Data_Zdarzenia) OVERRIDING SYSTEM VALUE VALUES ('4', '1', 'Silnik północny prawie rower. Narodowość połączenie nawet lotnisko.', 'Centralized client-driven time-frame', '2009-02-16');
INSERT INTO Zdarzenia (ID_Zdarzenie, ID_Miejsce, Opis_Zdarzenia, Nazwa_Zdarzenia, Data_Zdarzenia) OVERRIDING SYSTEM VALUE VALUES ('5', '4', 'Dziennik planować tutaj herbata zgodnie. Zrobić jesień deska codziennie.', 'Profit-focused radical intranet', '2015-06-30');
INSERT INTO Zdarzenia_Fotografie (ID_Zdarzenia_Fotografie, ID_Zdjecie, ID_Zdarzenie) OVERRIDING SYSTEM VALUE VALUES ('1', '1', '3');
INSERT INTO Zdarzenia_Fotografie (ID_Zdarzenia_Fotografie, ID_Zdjecie, ID_Zdarzenie) OVERRIDING SYSTEM VALUE VALUES ('2', '2', '2');
INSERT INTO Zdarzenia_Fotografie (ID_Zdarzenia_Fotografie, ID_Zdjecie, ID_Zdarzenie) OVERRIDING SYSTEM VALUE VALUES ('3', '3', '3');
INSERT INTO Zdarzenia_Fotografie (ID_Zdarzenia_Fotografie, ID_Zdjecie, ID_Zdarzenie) OVERRIDING SYSTEM VALUE VALUES ('4', '4', '3');
INSERT INTO Zdarzenia_Fotografie (ID_Zdarzenia_Fotografie, ID_Zdjecie, ID_Zdarzenie) OVERRIDING SYSTEM VALUE VALUES ('5', '5', '5');
INSERT INTO Osoby_Zdarzenia (ID_Osoby_Zdarzenia, ID_Osoba, ID_Zdarzenie) OVERRIDING SYSTEM VALUE VALUES ('1', '1', '1');
INSERT INTO Osoby_Zdarzenia (ID_Osoby_Zdarzenia, ID_Osoba, ID_Zdarzenie) OVERRIDING SYSTEM VALUE VALUES ('2', '1', '4');
INSERT INTO Osoby_Zdarzenia (ID_Osoby_Zdarzenia, ID_Osoba, ID_Zdarzenie) OVERRIDING SYSTEM VALUE VALUES ('3', '2', '5');
INSERT INTO Osoby_Zdarzenia (ID_Osoby_Zdarzenia, ID_Osoba, ID_Zdarzenie) OVERRIDING SYSTEM VALUE VALUES ('4', '2', '3');
INSERT INTO Osoby_Zdarzenia (ID_Osoby_Zdarzenia, ID_Osoba, ID_Zdarzenie) OVERRIDING SYSTEM VALUE VALUES ('5', '3', '2');
INSERT INTO Osoby_Zdarzenia (ID_Osoby_Zdarzenia, ID_Osoba, ID_Zdarzenie) OVERRIDING SYSTEM VALUE VALUES ('6', '4', '3');
INSERT INTO Osoby_Zdarzenia (ID_Osoby_Zdarzenia, ID_Osoba, ID_Zdarzenie) OVERRIDING SYSTEM VALUE VALUES ('7', '5', '3');
INSERT INTO Osoby_Zdarzenia (ID_Osoby_Zdarzenia, ID_Osoba, ID_Zdarzenie) OVERRIDING SYSTEM VALUE VALUES ('8', '6', '4');
INSERT INTO Osoby_Zdarzenia (ID_Osoby_Zdarzenia, ID_Osoba, ID_Zdarzenie) OVERRIDING SYSTEM VALUE VALUES ('9', '7', '3');
INSERT INTO Osoby_Zdarzenia (ID_Osoby_Zdarzenia, ID_Osoba, ID_Zdarzenie) OVERRIDING SYSTEM VALUE VALUES ('10', '8', '2');
INSERT INTO Osoby_Zdarzenia (ID_Osoby_Zdarzenia, ID_Osoba, ID_Zdarzenie) OVERRIDING SYSTEM VALUE VALUES ('11', '8', '5');
INSERT INTO Osoby_Zdarzenia (ID_Osoby_Zdarzenia, ID_Osoba, ID_Zdarzenie) OVERRIDING SYSTEM VALUE VALUES ('12', '9', '2');
INSERT INTO Osoby_Zdarzenia (ID_Osoby_Zdarzenia, ID_Osoba, ID_Zdarzenie) OVERRIDING SYSTEM VALUE VALUES ('13', '9', '2');
INSERT INTO Osoby_Zdarzenia (ID_Osoby_Zdarzenia, ID_Osoba, ID_Zdarzenie) OVERRIDING SYSTEM VALUE VALUES ('14', '10', '4');
INSERT INTO Osoby_Zdarzenia (ID_Osoby_Zdarzenia, ID_Osoba, ID_Zdarzenie) OVERRIDING SYSTEM VALUE VALUES ('15', '10', '4');
INSERT INTO Osoby_Fotografie (ID_Osoby_Fotografie, ID_Osoba, ID_Zdjecie) OVERRIDING SYSTEM VALUE VALUES ('1', '1', '1');
INSERT INTO Osoby_Fotografie (ID_Osoby_Fotografie, ID_Osoba, ID_Zdjecie) OVERRIDING SYSTEM VALUE VALUES ('2', '2', '1');
INSERT INTO Osoby_Fotografie (ID_Osoby_Fotografie, ID_Osoba, ID_Zdjecie) OVERRIDING SYSTEM VALUE VALUES ('3', '3', '2');
INSERT INTO Osoby_Fotografie (ID_Osoby_Fotografie, ID_Osoba, ID_Zdjecie) OVERRIDING SYSTEM VALUE VALUES ('4', '4', '4');
INSERT INTO Osoby_Fotografie (ID_Osoby_Fotografie, ID_Osoba, ID_Zdjecie) OVERRIDING SYSTEM VALUE VALUES ('5', '5', '2');
INSERT INTO Osoby_Fotografie (ID_Osoby_Fotografie, ID_Osoba, ID_Zdjecie) OVERRIDING SYSTEM VALUE VALUES ('6', '6', '1');
INSERT INTO Osoby_Fotografie (ID_Osoby_Fotografie, ID_Osoba, ID_Zdjecie) OVERRIDING SYSTEM VALUE VALUES ('7', '7', '3');
INSERT INTO Osoby_Fotografie (ID_Osoby_Fotografie, ID_Osoba, ID_Zdjecie) OVERRIDING SYSTEM VALUE VALUES ('8', '8', '3');
INSERT INTO Osoby_Fotografie (ID_Osoby_Fotografie, ID_Osoba, ID_Zdjecie) OVERRIDING SYSTEM VALUE VALUES ('9', '9', '3');
INSERT INTO Osoby_Fotografie (ID_Osoby_Fotografie, ID_Osoba, ID_Zdjecie) OVERRIDING SYSTEM VALUE VALUES ('10', '10', '4');
INSERT INTO Pokrewienstwa (ID_Pokrewienstwo, Stopien_Pokrewienstwa) OVERRIDING SYSTEM VALUE VALUES ('1', 'rodzic');
INSERT INTO Pokrewienstwa (ID_Pokrewienstwo, Stopien_Pokrewienstwa) OVERRIDING SYSTEM VALUE VALUES ('2', 'dziecko');
INSERT INTO Pokrewienstwa (ID_Pokrewienstwo, Stopien_Pokrewienstwa) OVERRIDING SYSTEM VALUE VALUES ('3', 'rodzeństwo');
INSERT INTO Pokrewienstwa (ID_Pokrewienstwo, Stopien_Pokrewienstwa) OVERRIDING SYSTEM VALUE VALUES ('4', 'wuj/ciotka');
INSERT INTO Pokrewienstwa (ID_Pokrewienstwo, Stopien_Pokrewienstwa) OVERRIDING SYSTEM VALUE VALUES ('5', 'kuzyn');
INSERT INTO Osoby_Pokrewienstwa (ID_Osoby_Pokrewienstwo, ID_Osoba_1, ID_Pokrewienstwo, ID_Osoba_2) OVERRIDING SYSTEM VALUE VALUES ('1', '7', '1', '1');
INSERT INTO Osoby_Pokrewienstwa (ID_Osoby_Pokrewienstwo, ID_Osoba_1, ID_Pokrewienstwo, ID_Osoba_2) OVERRIDING SYSTEM VALUE VALUES ('2', '10', '5', '2');
INSERT INTO Osoby_Pokrewienstwa (ID_Osoby_Pokrewienstwo, ID_Osoba_1, ID_Pokrewienstwo, ID_Osoba_2) OVERRIDING SYSTEM VALUE VALUES ('3', '6', '1', '2');
INSERT INTO Osoby_Pokrewienstwa (ID_Osoby_Pokrewienstwo, ID_Osoba_1, ID_Pokrewienstwo, ID_Osoba_2) OVERRIDING SYSTEM VALUE VALUES ('4', '7', '5', '1');
INSERT INTO Osoby_Pokrewienstwa (ID_Osoby_Pokrewienstwo, ID_Osoba_1, ID_Pokrewienstwo, ID_Osoba_2) OVERRIDING SYSTEM VALUE VALUES ('5', '7', '5', '2');
INSERT INTO Osoby_Pokrewienstwa (ID_Osoby_Pokrewienstwo, ID_Osoba_1, ID_Pokrewienstwo, ID_Osoba_2) OVERRIDING SYSTEM VALUE VALUES ('6', '7', '3', '1');
INSERT INTO Zwiazki (ID_Zwiazek, Typ_Relacji, Data_Rozpoczecia, Data_Zakonczenia, Powod_Zakonczenia) OVERRIDING SYSTEM VALUE VALUES ('1', 'Partnerstwo', '2010-06-17', NULL, NULL);
INSERT INTO Zwiazki (ID_Zwiazek, Typ_Relacji, Data_Rozpoczecia, Data_Zakonczenia, Powod_Zakonczenia) OVERRIDING SYSTEM VALUE VALUES ('2', 'Partnerstwo', '2016-02-10', NULL, NULL);
INSERT INTO Zwiazki (ID_Zwiazek, Typ_Relacji, Data_Rozpoczecia, Data_Zakonczenia, Powod_Zakonczenia) OVERRIDING SYSTEM VALUE VALUES ('3', 'Partnerstwo', '2012-10-10', NULL, NULL);
INSERT INTO Zwiazki (ID_Zwiazek, Typ_Relacji, Data_Rozpoczecia, Data_Zakonczenia, Powod_Zakonczenia) OVERRIDING SYSTEM VALUE VALUES ('4', 'Partnerstwo', '2003-05-01', NULL, NULL);
INSERT INTO Zwiazki (ID_Zwiazek, Typ_Relacji, Data_Rozpoczecia, Data_Zakonczenia, Powod_Zakonczenia) OVERRIDING SYSTEM VALUE VALUES ('5', 'Partnerstwo', '2003-08-30', NULL, NULL);
INSERT INTO Osoby_Zwiazki (ID_Osoba_Zwiazki, ID_Osoba, ID_Zwiazek) OVERRIDING SYSTEM VALUE VALUES ('1', '6', '1');
INSERT INTO Osoby_Zwiazki (ID_Osoba_Zwiazki, ID_Osoba, ID_Zwiazek) OVERRIDING SYSTEM VALUE VALUES ('2', '9', '1');
INSERT INTO Osoby_Zwiazki (ID_Osoba_Zwiazki, ID_Osoba, ID_Zwiazek) OVERRIDING SYSTEM VALUE VALUES ('3', '2', '2');
INSERT INTO Osoby_Zwiazki (ID_Osoba_Zwiazki, ID_Osoba, ID_Zwiazek) OVERRIDING SYSTEM VALUE VALUES ('4', '4', '2');
INSERT INTO Osoby_Zwiazki (ID_Osoba_Zwiazki, ID_Osoba, ID_Zwiazek) OVERRIDING SYSTEM VALUE VALUES ('5', '3', '3');
INSERT INTO Osoby_Zwiazki (ID_Osoba_Zwiazki, ID_Osoba, ID_Zwiazek) OVERRIDING SYSTEM VALUE VALUES ('6', '10', '3');
INSERT INTO Osoby_Zwiazki (ID_Osoba_Zwiazki, ID_Osoba, ID_Zwiazek) OVERRIDING SYSTEM VALUE VALUES ('7', '7', '4');
INSERT INTO Osoby_Zwiazki (ID_Osoba_Zwiazki, ID_Osoba, ID_Zwiazek) OVERRIDING SYSTEM VALUE VALUES ('8', '1', '4');
INSERT INTO Osoby_Zwiazki (ID_Osoba_Zwiazki, ID_Osoba, ID_Zwiazek) OVERRIDING SYSTEM VALUE VALUES ('9', '8', '5');
INSERT INTO Osoby_Zwiazki (ID_Osoba_Zwiazki, ID_Osoba, ID_Zwiazek) OVERRIDING SYSTEM VALUE VALUES ('10', '5', '5');
